fold,k,beta,late_q,mode,stage,num_points,wear_min_um,wear_max_um,mae_um,rmse_um,mean_residual_um,underest_ratio
fold1,,,,head-only,early,0,94.5686264038086,109.89444732666016,nan,nan,nan,nan
fold1,,,,head-only,mid,0,110.37812042236328,134.4010467529297,nan,nan,nan,nan
fold1,,,,head-only,late,56,134.55799865722656,172.6868438720703,9.12986946105957,10.654738426208496,9.109403610229492,0.03571428571428571
fold1,3,,0.0,delta-knn-only@k3,early,0,94.5686264038086,109.89444732666016,nan,nan,nan,nan
fold1,3,,0.0,delta-knn-only@k3,mid,0,110.37812042236328,134.4010467529297,nan,nan,nan,nan
fold1,3,,0.0,delta-knn-only@k3,late,56,134.55799865722656,172.6868438720703,9.032132148742676,10.611825942993164,9.011795043945312,0.03571428571428571
fold1,3,0.3,0.0,delta-blend@k3_b03,early,0,94.5686264038086,109.89444732666016,nan,nan,nan,nan
fold1,3,0.3,0.0,delta-blend@k3_b03,mid,0,110.37812042236328,134.4010467529297,nan,nan,nan,nan
fold1,3,0.3,0.0,delta-blend@k3_b03,late,56,134.55799865722656,172.6868438720703,9.10054874420166,10.631830215454102,9.080121040344238,0.03571428571428571
fold1,3,0.5,0.0,delta-blend@k3_b05,early,0,94.5686264038086,109.89444732666016,nan,nan,nan,nan
fold1,3,0.5,0.0,delta-blend@k3_b05,mid,0,110.37812042236328,134.4010467529297,nan,nan,nan,nan
fold1,3,0.5,0.0,delta-blend@k3_b05,late,56,134.55799865722656,172.6868438720703,9.081001281738281,10.621326446533203,9.060601234436035,0.03571428571428571
fold1,3,0.7,0.0,delta-blend@k3_b07,early,0,94.5686264038086,109.89444732666016,nan,nan,nan,nan
fold1,3,0.7,0.0,delta-blend@k3_b07,mid,0,110.37812042236328,134.4010467529297,nan,nan,nan,nan
fold1,3,0.7,0.0,delta-blend@k3_b07,late,56,134.55799865722656,172.6868438720703,9.061453819274902,10.614649772644043,9.041078567504883,0.03571428571428571
fold1,5,,0.0,delta-knn-only@k5,early,0,94.5686264038086,109.89444732666016,nan,nan,nan,nan
fold1,5,,0.0,delta-knn-only@k5,mid,0,110.37812042236328,134.4010467529297,nan,nan,nan,nan
fold1,5,,0.0,delta-knn-only@k5,late,56,134.55799865722656,172.6868438720703,9.031489372253418,10.748696327209473,9.011025428771973,0.03571428571428571
fold1,5,0.3,0.0,delta-blend@k5_b03,early,0,94.5686264038086,109.89444732666016,nan,nan,nan,nan
fold1,5,0.3,0.0,delta-blend@k5_b03,mid,0,110.37812042236328,134.4010467529297,nan,nan,nan,nan
fold1,5,0.3,0.0,delta-blend@k5_b03,late,56,134.55799865722656,172.6868438720703,9.100358009338379,10.66398811340332,9.0798921585083,0.03571428571428571
fold1,5,0.5,0.0,delta-blend@k5_b05,early,0,94.5686264038086,109.89444732666016,nan,nan,nan,nan
fold1,5,0.5,0.0,delta-blend@k5_b05,mid,0,110.37812042236328,134.4010467529297,nan,nan,nan,nan
fold1,5,0.5,0.0,delta-blend@k5_b05,late,56,134.55799865722656,172.6868438720703,9.080681800842285,10.679207801818848,9.060215950012207,0.03571428571428571
fold1,5,0.7,0.0,delta-blend@k5_b07,early,0,94.5686264038086,109.89444732666016,nan,nan,nan,nan
fold1,5,0.7,0.0,delta-blend@k5_b07,mid,0,110.37812042236328,134.4010467529297,nan,nan,nan,nan
fold1,5,0.7,0.0,delta-blend@k5_b07,late,56,134.55799865722656,172.6868438720703,9.061005592346191,10.701638221740723,9.04054069519043,0.03571428571428571
fold1,10,,0.0,delta-knn-only@k10,early,0,94.5686264038086,109.89444732666016,nan,nan,nan,nan
fold1,10,,0.0,delta-knn-only@k10,mid,0,110.37812042236328,134.4010467529297,nan,nan,nan,nan
fold1,10,,0.0,delta-knn-only@k10,late,56,134.55799865722656,172.6868438720703,8.824067115783691,10.5921049118042,8.803297996520996,0.03571428571428571
fold1,10,0.3,0.0,delta-blend@k10_b03,early,0,94.5686264038086,109.89444732666016,nan,nan,nan,nan
fold1,10,0.3,0.0,delta-blend@k10_b03,mid,0,110.37812042236328,134.4010467529297,nan,nan,nan,nan
fold1,10,0.3,0.0,delta-blend@k10_b03,late,56,134.55799865722656,172.6868438720703,9.038130760192871,10.613919258117676,9.017573356628418,0.03571428571428571
fold1,10,0.5,0.0,delta-blend@k10_b05,early,0,94.5686264038086,109.89444732666016,nan,nan,nan,nan
fold1,10,0.5,0.0,delta-blend@k10_b05,mid,0,110.37812042236328,134.4010467529297,nan,nan,nan,nan
fold1,10,0.5,0.0,delta-blend@k10_b05,late,56,134.55799865722656,172.6868438720703,8.976968765258789,10.597161293029785,8.956351280212402,0.03571428571428571
fold1,10,0.7,0.0,delta-blend@k10_b07,early,0,94.5686264038086,109.89444732666016,nan,nan,nan,nan
fold1,10,0.7,0.0,delta-blend@k10_b07,mid,0,110.37812042236328,134.4010467529297,nan,nan,nan,nan
fold1,10,0.7,0.0,delta-blend@k10_b07,late,56,134.55799865722656,172.6868438720703,8.91580867767334,10.588815689086914,8.89513111114502,0.03571428571428571
fold1,3,,0.8,delta-knn-only@k3,early,0,94.5686264038086,109.89444732666016,nan,nan,nan,nan
fold1,3,,0.8,delta-knn-only@k3,mid,0,110.37812042236328,134.4010467529297,nan,nan,nan,nan
fold1,3,,0.8,delta-knn-only@k3,late,56,134.55799865722656,172.6868438720703,9.032132148742676,10.611825942993164,9.011795043945312,0.03571428571428571
fold1,3,0.3,0.8,delta-blend@k3_b03,early,0,94.5686264038086,109.89444732666016,nan,nan,nan,nan
fold1,3,0.3,0.8,delta-blend@k3_b03,mid,0,110.37812042236328,134.4010467529297,nan,nan,nan,nan
fold1,3,0.3,0.8,delta-blend@k3_b03,late,56,134.55799865722656,172.6868438720703,9.10054874420166,10.631830215454102,9.080121040344238,0.03571428571428571
fold1,3,0.5,0.8,delta-blend@k3_b05,early,0,94.5686264038086,109.89444732666016,nan,nan,nan,nan
fold1,3,0.5,0.8,delta-blend@k3_b05,mid,0,110.37812042236328,134.4010467529297,nan,nan,nan,nan
fold1,3,0.5,0.8,delta-blend@k3_b05,late,56,134.55799865722656,172.6868438720703,9.081001281738281,10.621326446533203,9.060601234436035,0.03571428571428571
fold1,3,0.7,0.8,delta-blend@k3_b07,early,0,94.5686264038086,109.89444732666016,nan,nan,nan,nan
fold1,3,0.7,0.8,delta-blend@k3_b07,mid,0,110.37812042236328,134.4010467529297,nan,nan,nan,nan
fold1,3,0.7,0.8,delta-blend@k3_b07,late,56,134.55799865722656,172.6868438720703,9.061453819274902,10.614649772644043,9.041078567504883,0.03571428571428571
fold1,5,,0.8,delta-knn-only@k5,early,0,94.5686264038086,109.89444732666016,nan,nan,nan,nan
fold1,5,,0.8,delta-knn-only@k5,mid,0,110.37812042236328,134.4010467529297,nan,nan,nan,nan
fold1,5,,0.8,delta-knn-only@k5,late,56,134.55799865722656,172.6868438720703,9.031489372253418,10.748696327209473,9.011025428771973,0.03571428571428571
fold1,5,0.3,0.8,delta-blend@k5_b03,early,0,94.5686264038086,109.89444732666016,nan,nan,nan,nan
fold1,5,0.3,0.8,delta-blend@k5_b03,mid,0,110.37812042236328,134.4010467529297,nan,nan,nan,nan
fold1,5,0.3,0.8,delta-blend@k5_b03,late,56,134.55799865722656,172.6868438720703,9.100358009338379,10.66398811340332,9.0798921585083,0.03571428571428571
fold1,5,0.5,0.8,delta-blend@k5_b05,early,0,94.5686264038086,109.89444732666016,nan,nan,nan,nan
fold1,5,0.5,0.8,delta-blend@k5_b05,mid,0,110.37812042236328,134.4010467529297,nan,nan,nan,nan
fold1,5,0.5,0.8,delta-blend@k5_b05,late,56,134.55799865722656,172.6868438720703,9.080681800842285,10.679207801818848,9.060215950012207,0.03571428571428571
fold1,5,0.7,0.8,delta-blend@k5_b07,early,0,94.5686264038086,109.89444732666016,nan,nan,nan,nan
fold1,5,0.7,0.8,delta-blend@k5_b07,mid,0,110.37812042236328,134.4010467529297,nan,nan,nan,nan
fold1,5,0.7,0.8,delta-blend@k5_b07,late,56,134.55799865722656,172.6868438720703,9.061005592346191,10.701638221740723,9.04054069519043,0.03571428571428571
fold1,10,,0.8,delta-knn-only@k10,early,0,94.5686264038086,109.89444732666016,nan,nan,nan,nan
fold1,10,,0.8,delta-knn-only@k10,mid,0,110.37812042236328,134.4010467529297,nan,nan,nan,nan
fold1,10,,0.8,delta-knn-only@k10,late,56,134.55799865722656,172.6868438720703,8.824067115783691,10.5921049118042,8.803297996520996,0.03571428571428571
fold1,10,0.3,0.8,delta-blend@k10_b03,early,0,94.5686264038086,109.89444732666016,nan,nan,nan,nan
fold1,10,0.3,0.8,delta-blend@k10_b03,mid,0,110.37812042236328,134.4010467529297,nan,nan,nan,nan
fold1,10,0.3,0.8,delta-blend@k10_b03,late,56,134.55799865722656,172.6868438720703,9.038130760192871,10.613919258117676,9.017573356628418,0.03571428571428571
fold1,10,0.5,0.8,delta-blend@k10_b05,early,0,94.5686264038086,109.89444732666016,nan,nan,nan,nan
fold1,10,0.5,0.8,delta-blend@k10_b05,mid,0,110.37812042236328,134.4010467529297,nan,nan,nan,nan
fold1,10,0.5,0.8,delta-blend@k10_b05,late,56,134.55799865722656,172.6868438720703,8.976968765258789,10.597161293029785,8.956351280212402,0.03571428571428571
fold1,10,0.7,0.8,delta-blend@k10_b07,early,0,94.5686264038086,109.89444732666016,nan,nan,nan,nan
fold1,10,0.7,0.8,delta-blend@k10_b07,mid,0,110.37812042236328,134.4010467529297,nan,nan,nan,nan
fold1,10,0.7,0.8,delta-blend@k10_b07,late,56,134.55799865722656,172.6868438720703,8.91580867767334,10.588815689086914,8.89513111114502,0.03571428571428571
fold2,,,,head-only,early,0,91.47920989990234,97.94757843017578,nan,nan,nan,nan
fold2,,,,head-only,mid,0,98.04940032958984,121.59553527832031,nan,nan,nan,nan
fold2,,,,head-only,late,56,122.64857482910156,210.91937255859375,23.074670791625977,23.8572998046875,23.074670791625977,0.0
fold2,3,,0.0,delta-knn-only@k3,early,0,91.47920989990234,97.94757843017578,nan,nan,nan,nan
fold2,3,,0.0,delta-knn-only@k3,mid,0,98.04940032958984,121.59553527832031,nan,nan,nan,nan
fold2,3,,0.0,delta-knn-only@k3,late,56,122.64857482910156,210.91937255859375,24.932415008544922,25.052980422973633,24.932415008544922,0.0
fold2,3,0.3,0.0,delta-blend@k3_b03,early,0,91.47920989990234,97.94757843017578,nan,nan,nan,nan
fold2,3,0.3,0.0,delta-blend@k3_b03,mid,0,98.04940032958984,121.59553527832031,nan,nan,nan,nan
fold2,3,0.3,0.0,delta-blend@k3_b03,late,56,122.64857482910156,210.91937255859375,23.63199234008789,24.149782180786133,23.63199234008789,0.0
fold2,3,0.5,0.0,delta-blend@k3_b05,early,0,91.47920989990234,97.94757843017578,nan,nan,nan,nan
fold2,3,0.5,0.0,delta-blend@k3_b05,mid,0,98.04940032958984,121.59553527832031,nan,nan,nan,nan
fold2,3,0.5,0.0,delta-blend@k3_b05,late,56,122.64857482910156,210.91937255859375,24.0035400390625,24.377056121826172,24.0035400390625,0.0
fold2,3,0.7,0.0,delta-blend@k3_b07,early,0,91.47920989990234,97.94757843017578,nan,nan,nan,nan
fold2,3,0.7,0.0,delta-blend@k3_b07,mid,0,98.04940032958984,121.59553527832031,nan,nan,nan,nan
fold2,3,0.7,0.0,delta-blend@k3_b07,late,56,122.64857482910156,210.91937255859375,24.375089645385742,24.62933921813965,24.375089645385742,0.0
fold2,5,,0.0,delta-knn-only@k5,early,0,91.47920989990234,97.94757843017578,nan,nan,nan,nan
fold2,5,,0.0,delta-knn-only@k5,mid,0,98.04940032958984,121.59553527832031,nan,nan,nan,nan
fold2,5,,0.0,delta-knn-only@k5,late,56,122.64857482910156,210.91937255859375,24.958065032958984,25.07672882080078,24.958065032958984,0.0
fold2,5,0.3,0.0,delta-blend@k5_b03,early,0,91.47920989990234,97.94757843017578,nan,nan,nan,nan
fold2,5,0.3,0.0,delta-blend@k5_b03,mid,0,98.04940032958984,121.59553527832031,nan,nan,nan,nan
fold2,5,0.3,0.0,delta-blend@k5_b03,late,56,122.64857482910156,210.91937255859375,23.63968849182129,24.15615463256836,23.63968849182129,0.0
fold2,5,0.5,0.0,delta-blend@k5_b05,early,0,91.47920989990234,97.94757843017578,nan,nan,nan,nan
fold2,5,0.5,0.0,delta-blend@k5_b05,mid,0,98.04940032958984,121.59553527832031,nan,nan,nan,nan
fold2,5,0.5,0.0,delta-blend@k5_b05,late,56,122.64857482910156,210.91937255859375,24.016366958618164,24.3880615234375,24.016366958618164,0.0
fold2,5,0.7,0.0,delta-blend@k5_b07,early,0,91.47920989990234,97.94757843017578,nan,nan,nan,nan
fold2,5,0.7,0.0,delta-blend@k5_b07,mid,0,98.04940032958984,121.59553527832031,nan,nan,nan,nan
fold2,5,0.7,0.0,delta-blend@k5_b07,late,56,122.64857482910156,210.91937255859375,24.393047332763672,24.645252227783203,24.393047332763672,0.0
fold2,10,,0.0,delta-knn-only@k10,early,0,91.47920989990234,97.94757843017578,nan,nan,nan,nan
fold2,10,,0.0,delta-knn-only@k10,mid,0,98.04940032958984,121.59553527832031,nan,nan,nan,nan
fold2,10,,0.0,delta-knn-only@k10,late,56,122.64857482910156,210.91937255859375,25.033281326293945,25.14353370666504,25.033281326293945,0.0
fold2,10,0.3,0.0,delta-blend@k10_b03,early,0,91.47920989990234,97.94757843017578,nan,nan,nan,nan
fold2,10,0.3,0.0,delta-blend@k10_b03,mid,0,98.04940032958984,121.59553527832031,nan,nan,nan,nan
fold2,10,0.3,0.0,delta-blend@k10_b03,late,56,122.64857482910156,210.91937255859375,23.66225242614746,24.172937393188477,23.66225242614746,0.0
fold2,10,0.5,0.0,delta-blend@k10_b05,early,0,91.47920989990234,97.94757843017578,nan,nan,nan,nan
fold2,10,0.5,0.0,delta-blend@k10_b05,mid,0,98.04940032958984,121.59553527832031,nan,nan,nan,nan
fold2,10,0.5,0.0,delta-blend@k10_b05,late,56,122.64857482910156,210.91937255859375,24.053974151611328,24.41766929626465,24.053974151611328,0.0
fold2,10,0.7,0.0,delta-blend@k10_b07,early,0,91.47920989990234,97.94757843017578,nan,nan,nan,nan
fold2,10,0.7,0.0,delta-blend@k10_b07,mid,0,98.04940032958984,121.59553527832031,nan,nan,nan,nan
fold2,10,0.7,0.0,delta-blend@k10_b07,late,56,122.64857482910156,210.91937255859375,24.445695877075195,24.68889808654785,24.445695877075195,0.0
fold2,3,,0.8,delta-knn-only@k3,early,0,91.47920989990234,97.94757843017578,nan,nan,nan,nan
fold2,3,,0.8,delta-knn-only@k3,mid,0,98.04940032958984,121.59553527832031,nan,nan,nan,nan
fold2,3,,0.8,delta-knn-only@k3,late,56,122.64857482910156,210.91937255859375,24.932415008544922,25.052980422973633,24.932415008544922,0.0
fold2,3,0.3,0.8,delta-blend@k3_b03,early,0,91.47920989990234,97.94757843017578,nan,nan,nan,nan
fold2,3,0.3,0.8,delta-blend@k3_b03,mid,0,98.04940032958984,121.59553527832031,nan,nan,nan,nan
fold2,3,0.3,0.8,delta-blend@k3_b03,late,56,122.64857482910156,210.91937255859375,23.63199234008789,24.149782180786133,23.63199234008789,0.0
fold2,3,0.5,0.8,delta-blend@k3_b05,early,0,91.47920989990234,97.94757843017578,nan,nan,nan,nan
fold2,3,0.5,0.8,delta-blend@k3_b05,mid,0,98.04940032958984,121.59553527832031,nan,nan,nan,nan
fold2,3,0.5,0.8,delta-blend@k3_b05,late,56,122.64857482910156,210.91937255859375,24.0035400390625,24.377056121826172,24.0035400390625,0.0
fold2,3,0.7,0.8,delta-blend@k3_b07,early,0,91.47920989990234,97.94757843017578,nan,nan,nan,nan
fold2,3,0.7,0.8,delta-blend@k3_b07,mid,0,98.04940032958984,121.59553527832031,nan,nan,nan,nan
fold2,3,0.7,0.8,delta-blend@k3_b07,late,56,122.64857482910156,210.91937255859375,24.375089645385742,24.62933921813965,24.375089645385742,0.0
fold2,5,,0.8,delta-knn-only@k5,early,0,91.47920989990234,97.94757843017578,nan,nan,nan,nan
fold2,5,,0.8,delta-knn-only@k5,mid,0,98.04940032958984,121.59553527832031,nan,nan,nan,nan
fold2,5,,0.8,delta-knn-only@k5,late,56,122.64857482910156,210.91937255859375,24.958065032958984,25.07672882080078,24.958065032958984,0.0
fold2,5,0.3,0.8,delta-blend@k5_b03,early,0,91.47920989990234,97.94757843017578,nan,nan,nan,nan
fold2,5,0.3,0.8,delta-blend@k5_b03,mid,0,98.04940032958984,121.59553527832031,nan,nan,nan,nan
fold2,5,0.3,0.8,delta-blend@k5_b03,late,56,122.64857482910156,210.91937255859375,23.63968849182129,24.15615463256836,23.63968849182129,0.0
fold2,5,0.5,0.8,delta-blend@k5_b05,early,0,91.47920989990234,97.94757843017578,nan,nan,nan,nan
fold2,5,0.5,0.8,delta-blend@k5_b05,mid,0,98.04940032958984,121.59553527832031,nan,nan,nan,nan
fold2,5,0.5,0.8,delta-blend@k5_b05,late,56,122.64857482910156,210.91937255859375,24.016366958618164,24.3880615234375,24.016366958618164,0.0
fold2,5,0.7,0.8,delta-blend@k5_b07,early,0,91.47920989990234,97.94757843017578,nan,nan,nan,nan
fold2,5,0.7,0.8,delta-blend@k5_b07,mid,0,98.04940032958984,121.59553527832031,nan,nan,nan,nan
fold2,5,0.7,0.8,delta-blend@k5_b07,late,56,122.64857482910156,210.91937255859375,24.393047332763672,24.645252227783203,24.393047332763672,0.0
fold2,10,,0.8,delta-knn-only@k10,early,0,91.47920989990234,97.94757843017578,nan,nan,nan,nan
fold2,10,,0.8,delta-knn-only@k10,mid,0,98.04940032958984,121.59553527832031,nan,nan,nan,nan
fold2,10,,0.8,delta-knn-only@k10,late,56,122.64857482910156,210.91937255859375,25.01163101196289,25.120140075683594,25.01163101196289,0.0
fold2,10,0.3,0.8,delta-blend@k10_b03,early,0,91.47920989990234,97.94757843017578,nan,nan,nan,nan
fold2,10,0.3,0.8,delta-blend@k10_b03,mid,0,98.04940032958984,121.59553527832031,nan,nan,nan,nan
fold2,10,0.3,0.8,delta-blend@k10_b03,late,56,122.64857482910156,210.91937255859375,23.655757904052734,24.165319442749023,23.655757904052734,0.0
fold2,10,0.5,0.8,delta-blend@k10_b05,early,0,91.47920989990234,97.94757843017578,nan,nan,nan,nan
fold2,10,0.5,0.8,delta-blend@k10_b05,mid,0,98.04940032958984,121.59553527832031,nan,nan,nan,nan
fold2,10,0.5,0.8,delta-blend@k10_b05,late,56,122.64857482910156,210.91937255859375,24.04315185546875,24.40524673461914,24.04315185546875,0.0
fold2,10,0.7,0.8,delta-blend@k10_b07,early,0,91.47920989990234,97.94757843017578,nan,nan,nan,nan
fold2,10,0.7,0.8,delta-blend@k10_b07,mid,0,98.04940032958984,121.59553527832031,nan,nan,nan,nan
fold2,10,0.7,0.8,delta-blend@k10_b07,late,56,122.64857482910156,210.91937255859375,24.4305419921875,24.671907424926758,24.4305419921875,0.0
fold3,,,,head-only,early,0,94.5686264038086,109.89444732666016,nan,nan,nan,nan
fold3,,,,head-only,mid,0,110.37812042236328,134.4010467529297,nan,nan,nan,nan
fold3,,,,head-only,late,56,134.55799865722656,172.6868438720703,32.08738327026367,32.102439880371094,32.08738327026367,0.0
fold3,3,,0.0,delta-knn-only@k3,early,0,94.5686264038086,109.89444732666016,nan,nan,nan,nan
fold3,3,,0.0,delta-knn-only@k3,mid,0,110.37812042236328,134.4010467529297,nan,nan,nan,nan
fold3,3,,0.0,delta-knn-only@k3,late,56,134.55799865722656,172.6868438720703,36.39285659790039,36.82123947143555,36.39285659790039,0.0
fold3,3,0.3,0.0,delta-blend@k3_b03,early,0,94.5686264038086,109.89444732666016,nan,nan,nan,nan
fold3,3,0.3,0.0,delta-blend@k3_b03,mid,0,110.37812042236328,134.4010467529297,nan,nan,nan,nan
fold3,3,0.3,0.0,delta-blend@k3_b03,late,56,134.55799865722656,172.6868438720703,33.379024505615234,33.447547912597656,33.379024505615234,0.0
fold3,3,0.5,0.0,delta-blend@k3_b05,early,0,94.5686264038086,109.89444732666016,nan,nan,nan,nan
fold3,3,0.5,0.0,delta-blend@k3_b05,mid,0,110.37812042236328,134.4010467529297,nan,nan,nan,nan
fold3,3,0.5,0.0,delta-blend@k3_b05,late,56,134.55799865722656,172.6868438720703,34.24011993408203,34.38016128540039,34.24011993408203,0.0
fold3,3,0.7,0.0,delta-blend@k3_b07,early,0,94.5686264038086,109.89444732666016,nan,nan,nan,nan
fold3,3,0.7,0.0,delta-blend@k3_b07,mid,0,110.37812042236328,134.4010467529297,nan,nan,nan,nan
fold3,3,0.7,0.0,delta-blend@k3_b07,late,56,134.55799865722656,172.6868438720703,35.10121536254883,35.338836669921875,35.10121536254883,0.0
fold3,5,,0.0,delta-knn-only@k5,early,0,94.5686264038086,109.89444732666016,nan,nan,nan,nan
fold3,5,,0.0,delta-knn-only@k5,mid,0,110.37812042236328,134.4010467529297,nan,nan,nan,nan
fold3,5,,0.0,delta-knn-only@k5,late,56,134.55799865722656,172.6868438720703,36.432655334472656,36.860008239746094,36.432655334472656,0.0
fold3,5,0.3,0.0,delta-blend@k5_b03,early,0,94.5686264038086,109.89444732666016,nan,nan,nan,nan
fold3,5,0.3,0.0,delta-blend@k5_b03,mid,0,110.37812042236328,134.4010467529297,nan,nan,nan,nan
fold3,5,0.3,0.0,delta-blend@k5_b03,late,56,134.55799865722656,172.6868438720703,33.39096450805664,33.45945358276367,33.39096450805664,0.0
fold3,5,0.5,0.0,delta-blend@k5_b05,early,0,94.5686264038086,109.89444732666016,nan,nan,nan,nan
fold3,5,0.5,0.0,delta-blend@k5_b05,mid,0,110.37812042236328,134.4010467529297,nan,nan,nan,nan
fold3,5,0.5,0.0,delta-blend@k5_b05,late,56,134.55799865722656,172.6868438720703,34.2600212097168,34.399879455566406,34.2600212097168,0.0
fold3,5,0.7,0.0,delta-blend@k5_b07,early,0,94.5686264038086,109.89444732666016,nan,nan,nan,nan
fold3,5,0.7,0.0,delta-blend@k5_b07,mid,0,110.37812042236328,134.4010467529297,nan,nan,nan,nan
fold3,5,0.7,0.0,delta-blend@k5_b07,late,56,134.55799865722656,172.6868438720703,35.12907791137695,35.36626434326172,35.12907791137695,0.0
fold3,10,,0.0,delta-knn-only@k10,early,0,94.5686264038086,109.89444732666016,nan,nan,nan,nan
fold3,10,,0.0,delta-knn-only@k10,mid,0,110.37812042236328,134.4010467529297,nan,nan,nan,nan
fold3,10,,0.0,delta-knn-only@k10,late,56,134.55799865722656,172.6868438720703,36.53430938720703,36.95991516113281,36.53430938720703,0.0
fold3,10,0.3,0.0,delta-blend@k10_b03,early,0,94.5686264038086,109.89444732666016,nan,nan,nan,nan
fold3,10,0.3,0.0,delta-blend@k10_b03,mid,0,110.37812042236328,134.4010467529297,nan,nan,nan,nan
fold3,10,0.3,0.0,delta-blend@k10_b03,late,56,134.55799865722656,172.6868438720703,33.42145919799805,33.48997497558594,33.42145919799805,0.0
fold3,10,0.5,0.0,delta-blend@k10_b05,early,0,94.5686264038086,109.89444732666016,nan,nan,nan,nan
fold3,10,0.5,0.0,delta-blend@k10_b05,mid,0,110.37812042236328,134.4010467529297,nan,nan,nan,nan
fold3,10,0.5,0.0,delta-blend@k10_b05,late,56,134.55799865722656,172.6868438720703,34.31084442138672,34.45051956176758,34.31084442138672,0.0
fold3,10,0.7,0.0,delta-blend@k10_b07,early,0,94.5686264038086,109.89444732666016,nan,nan,nan,nan
fold3,10,0.7,0.0,delta-blend@k10_b07,mid,0,110.37812042236328,134.4010467529297,nan,nan,nan,nan
fold3,10,0.7,0.0,delta-blend@k10_b07,late,56,134.55799865722656,172.6868438720703,35.20022964477539,35.436790466308594,35.20022964477539,0.0
fold3,3,,0.8,delta-knn-only@k3,early,0,94.5686264038086,109.89444732666016,nan,nan,nan,nan
fold3,3,,0.8,delta-knn-only@k3,mid,0,110.37812042236328,134.4010467529297,nan,nan,nan,nan
fold3,3,,0.8,delta-knn-only@k3,late,56,134.55799865722656,172.6868438720703,36.39285659790039,36.82123947143555,36.39285659790039,0.0
fold3,3,0.3,0.8,delta-blend@k3_b03,early,0,94.5686264038086,109.89444732666016,nan,nan,nan,nan
fold3,3,0.3,0.8,delta-blend@k3_b03,mid,0,110.37812042236328,134.4010467529297,nan,nan,nan,nan
fold3,3,0.3,0.8,delta-blend@k3_b03,late,56,134.55799865722656,172.6868438720703,33.379024505615234,33.447547912597656,33.379024505615234,0.0
fold3,3,0.5,0.8,delta-blend@k3_b05,early,0,94.5686264038086,109.89444732666016,nan,nan,nan,nan
fold3,3,0.5,0.8,delta-blend@k3_b05,mid,0,110.37812042236328,134.4010467529297,nan,nan,nan,nan
fold3,3,0.5,0.8,delta-blend@k3_b05,late,56,134.55799865722656,172.6868438720703,34.24011993408203,34.38016128540039,34.24011993408203,0.0
fold3,3,0.7,0.8,delta-blend@k3_b07,early,0,94.5686264038086,109.89444732666016,nan,nan,nan,nan
fold3,3,0.7,0.8,delta-blend@k3_b07,mid,0,110.37812042236328,134.4010467529297,nan,nan,nan,nan
fold3,3,0.7,0.8,delta-blend@k3_b07,late,56,134.55799865722656,172.6868438720703,35.10121536254883,35.338836669921875,35.10121536254883,0.0
fold3,5,,0.8,delta-knn-only@k5,early,0,94.5686264038086,109.89444732666016,nan,nan,nan,nan
fold3,5,,0.8,delta-knn-only@k5,mid,0,110.37812042236328,134.4010467529297,nan,nan,nan,nan
fold3,5,,0.8,delta-knn-only@k5,late,56,134.55799865722656,172.6868438720703,36.432655334472656,36.860008239746094,36.432655334472656,0.0
fold3,5,0.3,0.8,delta-blend@k5_b03,early,0,94.5686264038086,109.89444732666016,nan,nan,nan,nan
fold3,5,0.3,0.8,delta-blend@k5_b03,mid,0,110.37812042236328,134.4010467529297,nan,nan,nan,nan
fold3,5,0.3,0.8,delta-blend@k5_b03,late,56,134.55799865722656,172.6868438720703,33.39096450805664,33.45945358276367,33.39096450805664,0.0
fold3,5,0.5,0.8,delta-blend@k5_b05,early,0,94.5686264038086,109.89444732666016,nan,nan,nan,nan
fold3,5,0.5,0.8,delta-blend@k5_b05,mid,0,110.37812042236328,134.4010467529297,nan,nan,nan,nan
fold3,5,0.5,0.8,delta-blend@k5_b05,late,56,134.55799865722656,172.6868438720703,34.2600212097168,34.399879455566406,34.2600212097168,0.0
fold3,5,0.7,0.8,delta-blend@k5_b07,early,0,94.5686264038086,109.89444732666016,nan,nan,nan,nan
fold3,5,0.7,0.8,delta-blend@k5_b07,mid,0,110.37812042236328,134.4010467529297,nan,nan,nan,nan
fold3,5,0.7,0.8,delta-blend@k5_b07,late,56,134.55799865722656,172.6868438720703,35.12907791137695,35.36626434326172,35.12907791137695,0.0
fold3,10,,0.8,delta-knn-only@k10,early,0,94.5686264038086,109.89444732666016,nan,nan,nan,nan
fold3,10,,0.8,delta-knn-only@k10,mid,0,110.37812042236328,134.4010467529297,nan,nan,nan,nan
fold3,10,,0.8,delta-knn-only@k10,late,56,134.55799865722656,172.6868438720703,36.53430938720703,36.95991516113281,36.53430938720703,0.0
fold3,10,0.3,0.8,delta-blend@k10_b03,early,0,94.5686264038086,109.89444732666016,nan,nan,nan,nan
fold3,10,0.3,0.8,delta-blend@k10_b03,mid,0,110.37812042236328,134.4010467529297,nan,nan,nan,nan
fold3,10,0.3,0.8,delta-blend@k10_b03,late,56,134.55799865722656,172.6868438720703,33.42145919799805,33.48997497558594,33.42145919799805,0.0
fold3,10,0.5,0.8,delta-blend@k10_b05,early,0,94.5686264038086,109.89444732666016,nan,nan,nan,nan
fold3,10,0.5,0.8,delta-blend@k10_b05,mid,0,110.37812042236328,134.4010467529297,nan,nan,nan,nan
fold3,10,0.5,0.8,delta-blend@k10_b05,late,56,134.55799865722656,172.6868438720703,34.31084442138672,34.45051956176758,34.31084442138672,0.0
fold3,10,0.7,0.8,delta-blend@k10_b07,early,0,94.5686264038086,109.89444732666016,nan,nan,nan,nan
fold3,10,0.7,0.8,delta-blend@k10_b07,mid,0,110.37812042236328,134.4010467529297,nan,nan,nan,nan
fold3,10,0.7,0.8,delta-blend@k10_b07,late,56,134.55799865722656,172.6868438720703,35.20022964477539,35.436790466308594,35.20022964477539,0.0
