inner_id,outer_fold,library_run,query_run,k,beta,late_q,mode,library_wear_threshold_um,mse_full_raw,rmse_full_raw,mae_full_raw,valid_points
fold1:c1->c4,fold1,c1,c4,,,,head-only,,2.6975042819976807,1.6424080741392135,1.216911792755127,219
fold1:c1->c4,fold1,c1,c4,3,,0.0,delta-knn-only@k3,91.88839721679688,14.112884521484375,3.756711929531512,2.8443078994750977,219
fold1:c1->c4,fold1,c1,c4,3,0.3,0.0,delta-blend@k3_b03,91.88839721679688,4.571354389190674,2.1380725874466173,1.5870441198349,219
fold1:c1->c4,fold1,c1,c4,3,0.5,0.0,delta-blend@k3_b05,91.88839721679688,6.559047698974609,2.5610637826837914,1.8740941286087036,219
fold1:c1->c4,fold1,c1,c4,3,0.7,0.0,delta-blend@k3_b07,91.88839721679688,9.137503623962402,3.022830399470404,2.2405314445495605,219
fold1:c1->c4,fold1,c1,c4,3,1.0,0.0,delta-blend@k3_b10,91.88839721679688,14.112884521484375,3.756711929531512,2.8443078994750977,219
fold1:c1->c4,fold1,c1,c4,5,,0.0,delta-knn-only@k5,91.88839721679688,14.196968078613281,3.767886420609475,2.8475570678710938,219
fold1:c1->c4,fold1,c1,c4,5,0.3,0.0,delta-blend@k5_b03,91.88839721679688,4.591283321380615,2.1427280091930974,1.5895636081695557,219
fold1:c1->c4,fold1,c1,c4,5,0.5,0.0,delta-blend@k5_b05,91.88839721679688,6.594784736633301,2.5680312958827627,1.8779339790344238,219
fold1:c1->c4,fold1,c1,c4,5,0.7,0.0,delta-blend@k5_b07,91.88839721679688,9.191065788269043,3.03167705870349,2.243626356124878,219
fold1:c1->c4,fold1,c1,c4,5,1.0,0.0,delta-blend@k5_b10,91.88839721679688,14.196969985961914,3.7678866737153753,2.847557544708252,219
fold1:c1->c4,fold1,c1,c4,7,,0.0,delta-knn-only@k7,91.88839721679688,14.28580379486084,3.779656571020817,2.8536179065704346,219
fold1:c1->c4,fold1,c1,c4,7,0.3,0.0,delta-blend@k7_b03,91.88839721679688,4.6130452156066895,2.1478000874398644,1.5931453704833984,219
fold1:c1->c4,fold1,c1,c4,7,0.5,0.0,delta-blend@k7_b05,91.88839721679688,6.6333842277526855,2.575535716652496,1.8834706544876099,219
fold1:c1->c4,fold1,c1,c4,7,0.7,0.0,delta-blend@k7_b07,91.88839721679688,9.248364448547363,3.0411123702598304,2.2489163875579834,219
fold1:c1->c4,fold1,c1,c4,7,1.0,0.0,delta-blend@k7_b10,91.88839721679688,14.28580379486084,3.779656571020817,2.8536179065704346,219
fold1:c1->c4,fold1,c1,c4,10,,0.0,delta-knn-only@k10,91.88839721679688,14.424710273742676,3.7979876610835213,2.863816022872925,219
fold1:c1->c4,fold1,c1,c4,10,0.3,0.0,delta-blend@k10_b03,91.88839721679688,4.642075061798096,2.154547530642593,1.596569299697876,219
fold1:c1->c4,fold1,c1,c4,10,0.5,0.0,delta-blend@k10_b05,91.88839721679688,6.687783241271973,2.586074871551861,1.889979362487793,219
fold1:c1->c4,fold1,c1,c4,10,0.7,0.0,delta-blend@k10_b07,91.88839721679688,9.33295726776123,3.054988914507094,2.2568328380584717,219
fold1:c1->c4,fold1,c1,c4,10,1.0,0.0,delta-blend@k10_b10,91.88839721679688,14.424711227416992,3.7979877866334686,2.863816022872925,219
fold1:c1->c4,fold1,c1,c4,3,,0.5,delta-knn-only@k3,115.10365295410156,16.27272605895996,4.033946709980185,3.410062551498413,219
fold1:c1->c4,fold1,c1,c4,3,0.3,0.5,delta-blend@k3_b03,115.10365295410156,5.026219844818115,2.2419232468615236,1.8689854145050049,219
fold1:c1->c4,fold1,c1,c4,3,0.5,0.5,delta-blend@k3_b05,115.10365295410156,7.409104347229004,2.721966999658336,2.3044986724853516,219
fold1:c1->c4,fold1,c1,c4,3,0.7,0.5,delta-blend@k3_b07,115.10365295410156,10.456306457519531,3.2336212606796626,2.74015736579895,219
fold1:c1->c4,fold1,c1,c4,3,1.0,0.5,delta-blend@k3_b10,115.10365295410156,16.27272605895996,4.033946709980185,3.410062551498413,219
fold1:c1->c4,fold1,c1,c4,5,,0.5,delta-knn-only@k5,115.10365295410156,16.367847442626953,4.045719644590682,3.41788911819458,219
fold1:c1->c4,fold1,c1,c4,5,0.3,0.5,delta-blend@k5_b03,115.10365295410156,5.045504570007324,2.246220062684715,1.8714033365249634,219
fold1:c1->c4,fold1,c1,c4,5,0.5,0.5,delta-blend@k5_b05,115.10365295410156,7.445647716522217,2.7286714196696926,2.308527946472168,219
fold1:c1->c4,fold1,c1,c4,5,0.7,0.5,delta-blend@k5_b07,115.10365295410156,10.513638496398926,3.242474131955246,2.7458267211914062,219
fold1:c1->c4,fold1,c1,c4,5,1.0,0.5,delta-blend@k5_b10,115.10365295410156,16.367847442626953,4.045719644590682,3.41788911819458,219
fold1:c1->c4,fold1,c1,c4,7,,0.5,delta-knn-only@k7,115.10365295410156,16.463844299316406,4.057566302516375,3.425708770751953,219
fold1:c1->c4,fold1,c1,c4,7,0.3,0.5,delta-blend@k7_b03,115.10365295410156,5.064755916595459,2.2505012589633133,1.8738129138946533,219
fold1:c1->c4,fold1,c1,c4,7,0.5,0.5,delta-blend@k7_b05,115.10365295410156,7.482283115386963,2.735376229220939,2.312544345855713,219
fold1:c1->c4,fold1,c1,c4,7,0.7,0.5,delta-blend@k7_b07,115.10365295410156,10.571290969848633,3.2513521756107306,2.7514748573303223,219
fold1:c1->c4,fold1,c1,c4,7,1.0,0.5,delta-blend@k7_b10,115.10365295410156,16.463844299316406,4.057566302516375,3.425708770751953,219
fold1:c1->c4,fold1,c1,c4,10,,0.5,delta-knn-only@k10,115.10365295410156,16.611751556396484,4.075751655387811,3.4375858306884766,219
fold1:c1->c4,fold1,c1,c4,10,0.3,0.5,delta-blend@k10_b03,115.10365295410156,5.093703269958496,2.256923408084221,1.8774644136428833,219
fold1:c1->c4,fold1,c1,c4,10,0.5,0.5,delta-blend@k10_b05,115.10365295410156,7.537871360778809,2.7455184138480675,2.318629741668701,219
fold1:c1->c4,fold1,c1,c4,10,0.7,0.5,delta-blend@k10_b07,115.10365295410156,10.659402847290039,3.264874093635165,2.760030508041382,219
fold1:c1->c4,fold1,c1,c4,10,1.0,0.5,delta-blend@k10_b10,115.10365295410156,16.61174964904785,4.075751421400458,3.4375858306884766,219
fold1:c1->c4,fold1,c1,c4,3,,0.8,delta-knn-only@k3,137.7840576171875,16.733888626098633,4.090707594793184,3.5320048332214355,219
fold1:c1->c4,fold1,c1,c4,3,0.3,0.8,delta-blend@k3_b03,137.7840576171875,5.0916361808776855,2.2564654176117314,1.9069604873657227,219
fold1:c1->c4,fold1,c1,c4,3,0.5,0.8,delta-blend@k3_b05,137.7840576171875,7.552858352661133,2.7482464141086647,2.3690268993377686,219
fold1:c1->c4,fold1,c1,c4,3,0.7,0.8,delta-blend@k3_b07,137.7840576171875,10.70618724822998,3.272031058567443,2.8326520919799805,219
fold1:c1->c4,fold1,c1,c4,3,1.0,0.8,delta-blend@k3_b10,137.7840576171875,16.733888626098633,4.090707594793184,3.5320048332214355,219
fold1:c1->c4,fold1,c1,c4,5,,0.8,delta-knn-only@k5,137.7840576171875,16.839473724365234,4.10359278247309,3.543409585952759,219
fold1:c1->c4,fold1,c1,c4,5,0.3,0.8,delta-blend@k5_b03,137.7840576171875,5.112225532531738,2.2610231163196315,1.9102989435195923,219
fold1:c1->c4,fold1,c1,c4,5,0.5,0.8,delta-blend@k5_b05,137.7840576171875,7.5924553871154785,2.7554410512866134,2.3746771812438965,219
fold1:c1->c4,fold1,c1,c4,5,0.7,0.8,delta-blend@k5_b07,137.7840576171875,10.769011497497559,3.281617207642835,2.8406827449798584,219
fold1:c1->c4,fold1,c1,c4,5,1.0,0.8,delta-blend@k5_b10,137.7840576171875,16.839473724365234,4.10359278247309,3.543409585952759,219
fold1:c1->c4,fold1,c1,c4,7,,0.8,delta-knn-only@k7,137.7840576171875,16.952022552490234,4.117283394726459,3.555419921875,219
fold1:c1->c4,fold1,c1,c4,7,0.3,0.8,delta-blend@k7_b03,137.7840576171875,5.1335577964782715,2.265735597213027,1.9138084650039673,219
fold1:c1->c4,fold1,c1,c4,7,0.5,0.8,delta-blend@k7_b05,137.7840576171875,7.633928298950195,2.7629564417395716,2.380612373352051,219
fold1:c1->c4,fold1,c1,c4,7,0.7,0.8,delta-blend@k7_b07,137.7840576171875,10.83536434173584,3.2917114608871536,2.8491132259368896,219
fold1:c1->c4,fold1,c1,c4,7,1.0,0.8,delta-blend@k7_b10,137.7840576171875,16.952022552490234,4.117283394726459,3.555419921875,219
fold1:c1->c4,fold1,c1,c4,10,,0.8,delta-knn-only@k10,137.7840576171875,17.12558937072754,4.1383075490745656,3.574235677719116,219
fold1:c1->c4,fold1,c1,c4,10,0.3,0.8,delta-blend@k10_b03,137.7840576171875,5.16570520401001,2.2728187794036745,1.9192217588424683,219
fold1:c1->c4,fold1,c1,c4,10,0.5,0.8,delta-blend@k10_b05,137.7840576171875,7.69699239730835,2.7743453997850285,2.3897705078125,219
fold1:c1->c4,fold1,c1,c4,10,0.7,0.8,delta-blend@k10_b07,137.7840576171875,10.93694019317627,3.307104502911311,2.862124443054199,219
fold1:c1->c4,fold1,c1,c4,10,1.0,0.8,delta-blend@k10_b10,137.7840576171875,17.12558937072754,4.1383075490745656,3.574235677719116,219
fold1:c4->c1,fold1,c4,c1,,,,head-only,,5.385567665100098,2.320682586029399,2.0778071880340576,219
fold1:c4->c1,fold1,c4,c1,3,,0.0,delta-knn-only@k3,84.70433044433594,22.048019409179688,4.69553185583696,4.104940414428711,219
fold1:c4->c1,fold1,c4,c1,3,0.3,0.0,delta-blend@k3_b03,84.70433044433594,8.812461853027344,2.968579096643265,2.629178524017334,219
fold1:c4->c1,fold1,c4,c1,3,0.5,0.0,delta-blend@k3_b05,84.70433044433594,11.845558166503906,3.4417376667177737,3.009716033935547,219
fold1:c4->c1,fold1,c4,c1,3,0.7,0.0,delta-blend@k3_b07,84.70433044433594,15.477442741394043,3.934138119257386,3.4295060634613037,219
fold1:c4->c1,fold1,c4,c1,3,1.0,0.0,delta-blend@k3_b10,84.70433044433594,22.048019409179688,4.69553185583696,4.104940414428711,219
fold1:c4->c1,fold1,c4,c1,5,,0.0,delta-knn-only@k5,84.70433044433594,21.979713439941406,4.688252706493263,4.0972795486450195,219
fold1:c4->c1,fold1,c4,c1,5,0.3,0.0,delta-blend@k5_b03,84.70433044433594,8.800796508789062,2.966613643329556,2.6276931762695312,219
fold1:c4->c1,fold1,c4,c1,5,0.5,0.0,delta-blend@k5_b05,84.70433044433594,11.821907997131348,3.4383001609998143,3.007117986679077,219
fold1:c4->c1,fold1,c4,c1,5,0.7,0.0,delta-blend@k5_b07,84.70433044433594,15.438451766967773,3.9291795284725506,3.4241106510162354,219
fold1:c4->c1,fold1,c4,c1,5,1.0,0.0,delta-blend@k5_b10,84.70433044433594,21.979713439941406,4.688252706493263,4.0972795486450195,219
fold1:c4->c1,fold1,c4,c1,7,,0.0,delta-knn-only@k7,84.70433044433594,21.962011337280273,4.686364405088477,4.092159748077393,219
fold1:c4->c1,fold1,c4,c1,7,0.3,0.0,delta-blend@k7_b03,84.70433044433594,8.799027442932129,2.966315465848521,2.62904691696167,219
fold1:c4->c1,fold1,c4,c1,7,0.5,0.0,delta-blend@k7_b05,84.70433044433594,11.817276000976562,3.4376265069051004,3.008962631225586,219
fold1:c4->c1,fold1,c4,c1,7,0.7,0.0,delta-blend@k7_b07,84.70433044433594,15.429601669311523,3.9280531652857658,3.421692132949829,219
fold1:c4->c1,fold1,c4,c1,7,1.0,0.0,delta-blend@k7_b10,84.70433044433594,21.962011337280273,4.686364405088477,4.092159748077393,219
fold1:c4->c1,fold1,c4,c1,10,,0.0,delta-knn-only@k10,84.70433044433594,21.81447982788086,4.67059737377146,4.071728229522705,219
fold1:c4->c1,fold1,c4,c1,10,0.3,0.0,delta-blend@k10_b03,84.70433044433594,8.775655746459961,2.962373330027794,2.62797474861145,219
fold1:c4->c1,fold1,c4,c1,10,0.5,0.0,delta-blend@k10_b05,84.70433044433594,11.7683744430542,3.4305064411911834,3.0068771839141846,219
fold1:c4->c1,fold1,c4,c1,10,0.7,0.0,delta-blend@k10_b07,84.70433044433594,15.347216606140137,3.9175523743965615,3.4102485179901123,219
fold1:c4->c1,fold1,c4,c1,10,1.0,0.0,delta-blend@k10_b10,84.70433044433594,21.81447982788086,4.67059737377146,4.071728229522705,219
fold1:c4->c1,fold1,c4,c1,3,,0.5,delta-knn-only@k3,95.31825256347656,22.13545036315918,4.704832660484237,4.134250640869141,219
fold1:c4->c1,fold1,c4,c1,3,0.3,0.5,delta-blend@k3_b03,95.31825256347656,8.872245788574219,2.9786315295071693,2.652703285217285,219
fold1:c4->c1,fold1,c4,c1,3,0.5,0.5,delta-blend@k3_b05,95.31825256347656,11.929218292236328,3.4538700456497096,3.0549986362457275,219
fold1:c4->c1,fold1,c4,c1,3,0.7,0.5,delta-blend@k3_b07,95.31825256347656,15.572197914123535,3.946162428755757,3.4747314453125,219
fold1:c4->c1,fold1,c4,c1,3,1.0,0.5,delta-blend@k3_b10,95.31825256347656,22.13545036315918,4.704832660484237,4.134250640869141,219
fold1:c4->c1,fold1,c4,c1,5,,0.5,delta-knn-only@k5,95.31825256347656,22.108171463012695,4.701932736972393,4.151001453399658,219
fold1:c4->c1,fold1,c4,c1,5,0.3,0.5,delta-blend@k5_b03,95.31825256347656,8.858778953552246,2.9763700968717326,2.6488049030303955,219
fold1:c4->c1,fold1,c4,c1,5,0.5,0.5,delta-blend@k5_b05,95.31825256347656,11.909285545349121,3.4509832722499714,3.055328607559204,219
fold1:c4->c1,fold1,c4,c1,5,0.7,0.5,delta-blend@k5_b07,95.31825256347656,15.54781723022461,3.9430720549115774,3.482434034347534,219
fold1:c4->c1,fold1,c4,c1,5,1.0,0.5,delta-blend@k5_b10,95.31825256347656,22.108171463012695,4.701932736972393,4.151001453399658,219
fold1:c4->c1,fold1,c4,c1,7,,0.5,delta-knn-only@k7,95.31825256347656,22.151620864868164,4.706550845881532,4.176728248596191,219
fold1:c4->c1,fold1,c4,c1,7,0.3,0.5,delta-blend@k7_b03,95.31825256347656,8.855621337890625,2.9758396021779507,2.6495776176452637,219
fold1:c4->c1,fold1,c4,c1,7,0.5,0.5,delta-blend@k7_b05,95.31825256347656,11.911737442016602,3.451338500062925,3.0633389949798584,219
fold1:c4->c1,fold1,c4,c1,7,0.7,0.5,delta-blend@k7_b07,95.31825256347656,15.562040328979492,3.9448751981500623,3.497771978378296,219
fold1:c4->c1,fold1,c4,c1,7,1.0,0.5,delta-blend@k7_b10,95.31825256347656,22.151620864868164,4.706550845881532,4.176728248596191,219
fold1:c4->c1,fold1,c4,c1,10,,0.5,delta-knn-only@k10,95.31825256347656,22.13054084777832,4.704310879159489,4.208752155303955,219
fold1:c4->c1,fold1,c4,c1,10,0.3,0.5,delta-blend@k10_b03,95.31825256347656,8.83446979522705,2.9722835993940837,2.6496822834014893,219
fold1:c4->c1,fold1,c4,c1,10,0.5,0.5,delta-blend@k10_b05,95.31825256347656,11.883543014526367,3.4472515159944983,3.0731446743011475,219
fold1:c4->c1,fold1,c4,c1,10,0.7,0.5,delta-blend@k10_b07,95.31825256347656,15.532456398010254,3.9411237481218797,3.5165631771087646,219
fold1:c4->c1,fold1,c4,c1,10,1.0,0.5,delta-blend@k10_b10,95.31825256347656,22.13054084777832,4.704310879159489,4.208752155303955,219
fold1:c4->c1,fold1,c4,c1,3,,0.8,delta-knn-only@k3,136.6273651123047,52.874454498291016,7.271482276557581,7.162961006164551,219
fold1:c4->c1,fold1,c4,c1,3,0.3,0.8,delta-blend@k3_b03,136.6273651123047,13.140968322753906,3.625047354553304,3.476335048675537,219
fold1:c4->c1,fold1,c4,c1,3,0.5,0.8,delta-blend@k3_b05,136.6273651123047,21.402315139770508,4.6262636262723404,4.5169477462768555,219
fold1:c4->c1,fold1,c4,c1,3,0.7,0.8,delta-blend@k3_b07,136.6273651123047,32.13652420043945,5.668908554601975,5.571166515350342,219
fold1:c4->c1,fold1,c4,c1,3,1.0,0.8,delta-blend@k3_b10,136.6273651123047,52.874454498291016,7.271482276557581,7.162961006164551,219
fold1:c4->c1,fold1,c4,c1,5,,0.8,delta-knn-only@k5,136.6273651123047,53.37899398803711,7.306092935902,7.196866989135742,219
fold1:c4->c1,fold1,c4,c1,5,0.3,0.8,delta-blend@k5_b03,136.6273651123047,13.208608627319336,3.6343649551633277,3.4863672256469727,219
fold1:c4->c1,fold1,c4,c1,5,0.5,0.8,delta-blend@k5_b05,136.6273651123047,21.554916381835938,4.642727256886403,4.533815383911133,219
fold1:c4->c1,fold1,c4,c1,5,0.7,0.8,delta-blend@k5_b07,136.6273651123047,32.405975341796875,5.692624644379504,5.594900608062744,219
fold1:c4->c1,fold1,c4,c1,5,1.0,0.8,delta-blend@k5_b10,136.6273651123047,53.37899398803711,7.306092935902,7.196866989135742,219
fold1:c4->c1,fold1,c4,c1,7,,0.8,delta-knn-only@k7,136.6273651123047,53.848289489746094,7.338139375192195,7.2289137840271,219
fold1:c4->c1,fold1,c4,c1,7,0.3,0.8,delta-blend@k7_b03,136.6273651123047,13.271754264831543,3.643041897210564,3.495856285095215,219
fold1:c4->c1,fold1,c4,c1,7,0.5,0.8,delta-blend@k7_b05,136.6273651123047,21.69713020324707,4.658017840589178,4.549762725830078,219
fold1:c4->c1,fold1,c4,c1,7,0.7,0.8,delta-blend@k7_b07,136.6273651123047,32.65684127807617,5.714616459402693,5.61733341217041,219
fold1:c4->c1,fold1,c4,c1,7,1.0,0.8,delta-blend@k7_b10,136.6273651123047,53.848289489746094,7.338139375192195,7.2289137840271,219
fold1:c4->c1,fold1,c4,c1,10,,0.8,delta-knn-only@k10,136.6273651123047,54.44083023071289,7.378402959361388,7.2690887451171875,219
fold1:c4->c1,fold1,c4,c1,10,0.3,0.8,delta-blend@k10_b03,136.6273651123047,13.35130786895752,3.653944152413597,3.507744550704956,219
fold1:c4->c1,fold1,c4,c1,10,0.5,0.8,delta-blend@k10_b05,136.6273651123047,21.876489639282227,4.677230979894218,4.5697503089904785,219
fold1:c4->c1,fold1,c4,c1,10,0.7,0.8,delta-blend@k10_b07,136.6273651123047,32.973411560058594,5.742247953550821,5.645455360412598,219
fold1:c4->c1,fold1,c4,c1,10,1.0,0.8,delta-blend@k10_b10,136.6273651123047,54.44083023071289,7.378402959361388,7.2690887451171875,219
fold2:c4->c6,fold2,c4,c6,,,,head-only,,155.30026245117188,12.46195259384226,12.195292472839355,219
fold2:c4->c6,fold2,c4,c6,3,,0.0,delta-knn-only@k3,84.70433044433594,29.21637535095215,5.405217419396943,5.081831932067871,219
fold2:c4->c6,fold2,c4,c6,3,0.3,0.0,delta-blend@k3_b03,84.70433044433594,103.6147689819336,10.179133999605938,10.061253547668457,219
fold2:c4->c6,fold2,c4,c6,3,0.5,0.0,delta-blend@k3_b05,84.70433044433594,75.75791931152344,8.703902533434267,8.638561248779297,219
fold2:c4->c6,fold2,c4,c6,3,0.7,0.0,delta-blend@k3_b07,84.70433044433594,53.18121337890625,7.29254505497952,7.215869903564453,219
fold2:c4->c6,fold2,c4,c6,3,1.0,0.0,delta-blend@k3_b10,84.70433044433594,29.21637725830078,5.405217595832824,5.081831932067871,219
fold2:c4->c6,fold2,c4,c6,5,,0.0,delta-knn-only@k5,84.70433044433594,29.439653396606445,5.425832046479733,5.104369163513184,219
fold2:c4->c6,fold2,c4,c6,5,0.3,0.0,delta-blend@k5_b03,84.70433044433594,103.75080871582031,10.185814091952608,10.068015098571777,219
fold2:c4->c6,fold2,c4,c6,5,0.5,0.0,delta-blend@k5_b05,84.70433044433594,75.95178985595703,8.715032407051453,8.64983081817627,219
fold2:c4->c6,fold2,c4,c6,5,0.7,0.0,delta-blend@k5_b07,84.70433044433594,53.40656280517578,7.307979392771697,7.231645584106445,219
fold2:c4->c6,fold2,c4,c6,5,1.0,0.0,delta-blend@k5_b10,84.70433044433594,29.439651489257812,5.425831870714187,5.104369163513184,219
fold2:c4->c6,fold2,c4,c6,7,,0.0,delta-knn-only@k7,84.70433044433594,29.58481216430664,5.439192234542427,5.120815753936768,219
fold2:c4->c6,fold2,c4,c6,7,0.3,0.0,delta-blend@k7_b03,84.70433044433594,103.84957885742188,10.190661355251772,10.07294750213623,219
fold2:c4->c6,fold2,c4,c6,7,0.5,0.0,delta-blend@k7_b05,84.70433044433594,76.09010314941406,8.72296412633997,8.658053398132324,219
fold2:c4->c6,fold2,c4,c6,7,0.7,0.0,delta-blend@k7_b07,84.70433044433594,53.56341552734375,7.318703131521578,7.243158340454102,219
fold2:c4->c6,fold2,c4,c6,7,1.0,0.0,delta-blend@k7_b10,84.70433044433594,29.58481216430664,5.439192234542427,5.120815753936768,219
fold2:c4->c6,fold2,c4,c6,10,,0.0,delta-knn-only@k10,84.70433044433594,29.871334075927734,5.465467416052147,5.151215553283691,219
fold2:c4->c6,fold2,c4,c6,10,0.3,0.0,delta-blend@k10_b03,84.70433044433594,104.03058624267578,10.199538530868727,10.082069396972656,219
fold2:c4->c6,fold2,c4,c6,10,0.5,0.0,delta-blend@k10_b05,84.70433044433594,76.34652709960938,8.737649975800666,8.673253059387207,219
fold2:c4->c6,fold2,c4,c6,10,0.7,0.0,delta-blend@k10_b07,84.70433044433594,53.85901641845703,7.338870241287622,7.264437675476074,219
fold2:c4->c6,fold2,c4,c6,10,1.0,0.0,delta-blend@k10_b10,84.70433044433594,29.871334075927734,5.465467416052147,5.151214599609375,219
fold2:c4->c6,fold2,c4,c6,3,,0.5,delta-knn-only@k3,95.31825256347656,29.21637535095215,5.405217419396943,5.081831932067871,219
fold2:c4->c6,fold2,c4,c6,3,0.3,0.5,delta-blend@k3_b03,95.31825256347656,103.6147689819336,10.179133999605938,10.061253547668457,219
fold2:c4->c6,fold2,c4,c6,3,0.5,0.5,delta-blend@k3_b05,95.31825256347656,75.75791931152344,8.703902533434267,8.638561248779297,219
fold2:c4->c6,fold2,c4,c6,3,0.7,0.5,delta-blend@k3_b07,95.31825256347656,53.18121337890625,7.29254505497952,7.215869903564453,219
fold2:c4->c6,fold2,c4,c6,3,1.0,0.5,delta-blend@k3_b10,95.31825256347656,29.21637725830078,5.405217595832824,5.081831932067871,219
fold2:c4->c6,fold2,c4,c6,5,,0.5,delta-knn-only@k5,95.31825256347656,29.439653396606445,5.425832046479733,5.104369163513184,219
fold2:c4->c6,fold2,c4,c6,5,0.3,0.5,delta-blend@k5_b03,95.31825256347656,103.75080871582031,10.185814091952608,10.068015098571777,219
fold2:c4->c6,fold2,c4,c6,5,0.5,0.5,delta-blend@k5_b05,95.31825256347656,75.95178985595703,8.715032407051453,8.64983081817627,219
fold2:c4->c6,fold2,c4,c6,5,0.7,0.5,delta-blend@k5_b07,95.31825256347656,53.40656280517578,7.307979392771697,7.231645584106445,219
fold2:c4->c6,fold2,c4,c6,5,1.0,0.5,delta-blend@k5_b10,95.31825256347656,29.439651489257812,5.425831870714187,5.104369163513184,219
fold2:c4->c6,fold2,c4,c6,7,,0.5,delta-knn-only@k7,95.31825256347656,29.58481216430664,5.439192234542427,5.120815753936768,219
fold2:c4->c6,fold2,c4,c6,7,0.3,0.5,delta-blend@k7_b03,95.31825256347656,103.84957885742188,10.190661355251772,10.07294750213623,219
fold2:c4->c6,fold2,c4,c6,7,0.5,0.5,delta-blend@k7_b05,95.31825256347656,76.09010314941406,8.72296412633997,8.658053398132324,219
fold2:c4->c6,fold2,c4,c6,7,0.7,0.5,delta-blend@k7_b07,95.31825256347656,53.56341552734375,7.318703131521578,7.243158340454102,219
fold2:c4->c6,fold2,c4,c6,7,1.0,0.5,delta-blend@k7_b10,95.31825256347656,29.58481216430664,5.439192234542427,5.120815753936768,219
fold2:c4->c6,fold2,c4,c6,10,,0.5,delta-knn-only@k10,95.31825256347656,29.871334075927734,5.465467416052147,5.151215553283691,219
fold2:c4->c6,fold2,c4,c6,10,0.3,0.5,delta-blend@k10_b03,95.31825256347656,104.03058624267578,10.199538530868727,10.082069396972656,219
fold2:c4->c6,fold2,c4,c6,10,0.5,0.5,delta-blend@k10_b05,95.31825256347656,76.34652709960938,8.737649975800666,8.673253059387207,219
fold2:c4->c6,fold2,c4,c6,10,0.7,0.5,delta-blend@k10_b07,95.31825256347656,53.85901641845703,7.338870241287622,7.264437675476074,219
fold2:c4->c6,fold2,c4,c6,10,1.0,0.5,delta-blend@k10_b10,95.31825256347656,29.871334075927734,5.465467416052147,5.151214599609375,219
fold2:c4->c6,fold2,c4,c6,3,,0.8,delta-knn-only@k3,136.6273651123047,39.720829010009766,6.302446271886002,5.78324556350708,219
fold2:c4->c6,fold2,c4,c6,3,0.3,0.8,delta-blend@k3_b03,136.6273651123047,107.62421417236328,10.3742090865937,10.27167797088623,219
fold2:c4->c6,fold2,c4,c6,3,0.5,0.8,delta-blend@k3_b05,136.6273651123047,82.0317153930664,9.057136158470094,8.98926830291748,219
fold2:c4->c6,fold2,c4,c6,3,0.7,0.8,delta-blend@k3_b07,136.6273651123047,61.39244079589844,7.8353328452528705,7.706859588623047,219
fold2:c4->c6,fold2,c4,c6,3,1.0,0.8,delta-blend@k3_b10,136.6273651123047,39.720829010009766,6.302446271886002,5.78324556350708,219
fold2:c4->c6,fold2,c4,c6,5,,0.8,delta-knn-only@k5,136.6273651123047,40.242679595947266,6.343711815329198,5.825242519378662,219
fold2:c4->c6,fold2,c4,c6,5,0.3,0.8,delta-blend@k5_b03,136.6273651123047,107.87374877929688,10.386228804493808,10.28427791595459,219
fold2:c4->c6,fold2,c4,c6,5,0.5,0.8,delta-blend@k5_b05,136.6273651123047,82.40332794189453,9.077627880778905,9.01026725769043,219
fold2:c4->c6,fold2,c4,c6,5,0.7,0.8,delta-blend@k5_b07,136.6273651123047,61.8507080078125,7.864522109309154,7.7362565994262695,219
fold2:c4->c6,fold2,c4,c6,5,1.0,0.8,delta-blend@k5_b10,136.6273651123047,40.242679595947266,6.343711815329198,5.825242042541504,219
fold2:c4->c6,fold2,c4,c6,7,,0.8,delta-knn-only@k7,136.6273651123047,40.69673538208008,6.379399296335046,5.861780166625977,219
fold2:c4->c6,fold2,c4,c6,7,0.3,0.8,delta-blend@k7_b03,136.6273651123047,108.09039306640625,10.396652974222341,10.295238494873047,219
fold2:c4->c6,fold2,c4,c6,7,0.5,0.8,delta-blend@k7_b05,136.6273651123047,82.72611999511719,9.095390040845812,9.028535842895508,219
fold2:c4->c6,fold2,c4,c6,7,0.7,0.8,delta-blend@k7_b07,136.6273651123047,62.24898910522461,7.889802855916275,7.761833667755127,219
fold2:c4->c6,fold2,c4,c6,7,1.0,0.8,delta-blend@k7_b10,136.6273651123047,40.69673538208008,6.379399296335046,5.861780166625977,219
fold2:c4->c6,fold2,c4,c6,10,,0.8,delta-knn-only@k10,136.6273651123047,41.29710388183594,6.4262822753000775,5.910809516906738,219
fold2:c4->c6,fold2,c4,c6,10,0.3,0.8,delta-blend@k10_b03,136.6273651123047,108.38274383544922,10.410703330488735,10.30994701385498,219
fold2:c4->c6,fold2,c4,c6,10,0.5,0.8,delta-blend@k10_b05,136.6273651123047,83.159912109375,9.119205673158984,9.053050994873047,219
fold2:c4->c6,fold2,c4,c6,10,0.7,0.8,delta-blend@k10_b07,136.6273651123047,62.78148651123047,7.92347692059682,7.796154499053955,219
fold2:c4->c6,fold2,c4,c6,10,1.0,0.8,delta-blend@k10_b10,136.6273651123047,41.29710388183594,6.4262822753000775,5.910809516906738,219
fold2:c6->c4,fold2,c6,c4,,,,head-only,,16.520532608032227,4.064545805872069,3.623309373855591,219
fold2:c6->c4,fold2,c6,c4,3,,0.0,delta-knn-only@k3,111.19049835205078,8.085596084594727,2.8435182581785416,2.31565260887146,219
fold2:c6->c4,fold2,c6,c4,3,0.3,0.0,delta-blend@k3_b03,111.19049835205078,5.541882514953613,2.3541203272036912,2.1561942100524902,219
fold2:c6->c4,fold2,c6,c4,3,0.5,0.0,delta-blend@k3_b05,111.19049835205078,2.245720386505127,1.498572783185764,1.4051218032836914,219
fold2:c6->c4,fold2,c6,c4,3,0.7,0.0,delta-blend@k3_b07,111.19049835205078,2.167908191680908,1.472381809070225,1.2195502519607544,219
fold2:c6->c4,fold2,c6,c4,3,1.0,0.0,delta-blend@k3_b10,111.19049835205078,8.085596084594727,2.8435182581785416,2.31565260887146,219
fold2:c6->c4,fold2,c6,c4,5,,0.0,delta-knn-only@k5,111.19049835205078,8.090978622436523,2.8444645581262784,2.3154666423797607,219
fold2:c6->c4,fold2,c6,c4,5,0.3,0.0,delta-blend@k5_b03,111.19049835205078,5.536473274230957,2.3529711588183475,2.154731273651123,219
fold2:c6->c4,fold2,c6,c4,5,0.5,0.0,delta-blend@k5_b05,111.19049835205078,2.240051507949829,1.4966801622089567,1.4030834436416626,219
fold2:c6->c4,fold2,c6,c4,5,0.7,0.0,delta-blend@k5_b07,111.19049835205078,2.164654493331909,1.4712764843264197,1.2163079977035522,219
fold2:c6->c4,fold2,c6,c4,5,1.0,0.0,delta-blend@k5_b10,111.19049835205078,8.090978622436523,2.8444645581262784,2.3154666423797607,219
fold2:c6->c4,fold2,c6,c4,7,,0.0,delta-knn-only@k7,111.19049835205078,8.135066986083984,2.8522038822784013,2.321821451187134,219
fold2:c6->c4,fold2,c6,c4,7,0.3,0.0,delta-blend@k7_b03,111.19049835205078,5.52525520324707,2.3505861403588404,2.1522328853607178,219
fold2:c6->c4,fold2,c6,c4,7,0.5,0.0,delta-blend@k7_b05,111.19049835205078,2.2329909801483154,1.4943195709580717,1.400728702545166,219
fold2:c6->c4,fold2,c6,c4,7,0.7,0.0,delta-blend@k7_b07,111.19049835205078,2.1710691452026367,1.4734548331057307,1.2177709341049194,219
fold2:c6->c4,fold2,c6,c4,7,1.0,0.0,delta-blend@k7_b10,111.19049835205078,8.135066986083984,2.8522038822784013,2.321821451187134,219
fold2:c6->c4,fold2,c6,c4,10,,0.0,delta-knn-only@k10,111.19049835205078,8.19655704498291,2.862962983516013,2.3296058177948,219
fold2:c6->c4,fold2,c6,c4,10,0.3,0.0,delta-blend@k10_b03,111.19049835205078,5.513612747192383,2.3481083337853863,2.1495521068573,219
fold2:c6->c4,fold2,c6,c4,10,0.5,0.0,delta-blend@k10_b05,111.19049835205078,2.2279179096221924,1.492621154085052,1.3990790843963623,219
fold2:c6->c4,fold2,c6,c4,10,0.7,0.0,delta-blend@k10_b07,111.19049835205078,2.18402361869812,1.4778442471039093,1.221269965171814,219
fold2:c6->c4,fold2,c6,c4,10,1.0,0.0,delta-blend@k10_b10,111.19049835205078,8.196556091308594,2.86296281696228,2.3296058177948,219
fold2:c6->c4,fold2,c6,c4,3,,0.5,delta-knn-only@k3,130.439697265625,15.413803100585938,3.9260416580298707,3.6020150184631348,219
fold2:c6->c4,fold2,c6,c4,3,0.3,0.5,delta-blend@k3_b03,130.439697265625,9.125608444213867,3.0208622021227427,2.8585400581359863,219
fold2:c6->c4,fold2,c6,c4,3,0.5,0.5,delta-blend@k3_b05,130.439697265625,7.558946132659912,2.7493537663712746,2.3493175506591797,219
fold2:c6->c4,fold2,c6,c4,3,0.7,0.5,delta-blend@k3_b07,130.439697265625,8.682916641235352,2.9466789172278935,2.4255893230438232,219
fold2:c6->c4,fold2,c6,c4,3,1.0,0.5,delta-blend@k3_b10,130.439697265625,15.413801193237305,3.926041415119981,3.6020150184631348,219
fold2:c6->c4,fold2,c6,c4,5,,0.5,delta-knn-only@k5,130.439697265625,15.340056419372559,3.916638408044909,3.593947410583496,219
fold2:c6->c4,fold2,c6,c4,5,0.3,0.5,delta-blend@k5_b03,130.439697265625,9.109109878540039,3.0181301957569753,2.855384111404419,219
fold2:c6->c4,fold2,c6,c4,5,0.5,0.5,delta-blend@k5_b05,130.439697265625,7.5287699699401855,2.7438604137128015,2.3442773818969727,219
fold2:c6->c4,fold2,c6,c4,5,0.7,0.5,delta-blend@k5_b07,130.439697265625,8.636920928955078,2.938863884046874,2.4195244312286377,219
fold2:c6->c4,fold2,c6,c4,5,1.0,0.5,delta-blend@k5_b10,130.439697265625,15.340056419372559,3.916638408044909,3.593947410583496,219
fold2:c6->c4,fold2,c6,c4,7,,0.5,delta-knn-only@k7,130.439697265625,15.284303665161133,3.9095145050454962,3.5890700817108154,219
fold2:c6->c4,fold2,c6,c4,7,0.3,0.5,delta-blend@k7_b03,130.439697265625,9.083701133728027,3.013917904278089,2.8508167266845703,219
fold2:c6->c4,fold2,c6,c4,7,0.5,0.5,delta-blend@k7_b05,130.439697265625,7.490556716918945,2.736888144758376,2.3369648456573486,219
fold2:c6->c4,fold2,c6,c4,7,0.7,0.5,delta-blend@k7_b07,130.439697265625,8.589210510253906,2.9307354896431557,2.415076971054077,219
fold2:c6->c4,fold2,c6,c4,7,1.0,0.5,delta-blend@k7_b10,130.439697265625,15.284303665161133,3.9095145050454962,3.5890700817108154,219
fold2:c6->c4,fold2,c6,c4,10,,0.5,delta-knn-only@k10,130.439697265625,15.185652732849121,3.8968773053368158,3.5792417526245117,219
fold2:c6->c4,fold2,c6,c4,10,0.3,0.5,delta-blend@k10_b03,130.439697265625,9.04509449005127,3.0075063574415384,2.843834161758423,219
fold2:c6->c4,fold2,c6,c4,10,0.5,0.5,delta-blend@k10_b05,130.439697265625,7.4305033683776855,2.7258949664977346,2.325927734375,219
fold2:c6->c4,fold2,c6,c4,10,0.7,0.5,delta-blend@k10_b07,130.439697265625,8.511140823364258,2.9173859572165384,2.4072399139404297,219
fold2:c6->c4,fold2,c6,c4,10,1.0,0.5,delta-blend@k10_b10,130.439697265625,15.185651779174805,3.8968771829729,3.5792415142059326,219
fold2:c6->c4,fold2,c6,c4,3,,0.8,delta-knn-only@k3,176.38914489746094,17.98865509033203,4.241303465956195,3.8921942710876465,219
fold2:c6->c4,fold2,c6,c4,3,0.3,0.8,delta-blend@k3_b03,176.38914489746094,9.291399002075195,3.048179621032067,2.897742986679077,219
fold2:c6->c4,fold2,c6,c4,3,0.5,0.8,delta-blend@k3_b05,176.38914489746094,8.124152183532715,2.85028984202181,2.414032220840454,219
fold2:c6->c4,fold2,c6,c4,3,0.7,0.8,delta-blend@k3_b07,176.38914489746094,9.878647804260254,3.1430316263538063,2.6320042610168457,219
fold2:c6->c4,fold2,c6,c4,3,1.0,0.8,delta-blend@k3_b10,176.38914489746094,17.9886531829834,4.241303241102126,3.8921940326690674,219
fold2:c6->c4,fold2,c6,c4,5,,0.8,delta-knn-only@k5,176.38914489746094,18.164440155029297,4.261976085694205,3.908241033554077,219
fold2:c6->c4,fold2,c6,c4,5,0.3,0.8,delta-blend@k5_b03,176.38914489746094,9.368318557739258,3.0607709090585753,2.9113285541534424,219
fold2:c6->c4,fold2,c6,c4,5,0.5,0.8,delta-blend@k5_b05,176.38914489746094,8.240836143493652,2.8706856573811166,2.436674118041992,219
fold2:c6->c4,fold2,c6,c4,5,0.7,0.8,delta-blend@k5_b07,176.38914489746094,10.025883674621582,3.1663675836234777,2.6439096927642822,219
fold2:c6->c4,fold2,c6,c4,5,1.0,0.8,delta-blend@k5_b10,176.38914489746094,18.164440155029297,4.261976085694205,3.908241033554077,219
fold2:c6->c4,fold2,c6,c4,7,,0.8,delta-knn-only@k7,176.38914489746094,18.386260986328125,4.2879203568079625,3.928370952606201,219
fold2:c6->c4,fold2,c6,c4,7,0.3,0.8,delta-blend@k7_b03,176.38914489746094,9.460432052612305,3.0757815352544635,2.92750883102417,219
fold2:c6->c4,fold2,c6,c4,7,0.5,0.8,delta-blend@k7_b05,176.38914489746094,8.382184982299805,2.8952003354344593,2.4636409282684326,219
fold2:c6->c4,fold2,c6,c4,7,0.7,0.8,delta-blend@k7_b07,176.38914489746094,10.206725120544434,3.1947965695086804,2.659014940261841,219
fold2:c6->c4,fold2,c6,c4,7,1.0,0.8,delta-blend@k7_b10,176.38914489746094,18.386260986328125,4.2879203568079625,3.928370952606201,219
fold2:c6->c4,fold2,c6,c4,10,,0.8,delta-knn-only@k10,176.38914489746094,18.66492462158203,4.320292191690514,3.9530277252197266,219
fold2:c6->c4,fold2,c6,c4,10,0.3,0.8,delta-blend@k10_b03,176.38914489746094,9.5739164352417,3.094174596761097,2.9473469257354736,219
fold2:c6->c4,fold2,c6,c4,10,0.5,0.8,delta-blend@k10_b05,176.38914489746094,8.557095527648926,2.925251361447239,2.4967057704925537,219
fold2:c6->c4,fold2,c6,c4,10,0.7,0.8,delta-blend@k10_b07,176.38914489746094,10.431675910949707,3.2298105069724614,2.677640676498413,219
fold2:c6->c4,fold2,c6,c4,10,1.0,0.8,delta-blend@k10_b10,176.38914489746094,18.6649227142334,4.320291970947496,3.9530277252197266,219
fold3:c1->c6,fold3,c1,c6,,,,head-only,,58.48907470703125,7.647815028296072,6.246061325073242,219
fold3:c1->c6,fold3,c1,c6,3,,0.0,delta-knn-only@k3,91.88839721679688,3.4255754947662354,1.850831028150932,1.7397925853729248,219
fold3:c1->c6,fold3,c1,c6,3,0.3,0.0,delta-blend@k3_b03,91.88839721679688,29.992156982421875,5.476509561976668,4.478780269622803,219
fold3:c1->c6,fold3,c1,c6,3,0.5,0.0,delta-blend@k3_b05,91.88839721679688,16.697956085205078,4.086313263224575,3.3065481185913086,219
fold3:c1->c6,fold3,c1,c6,3,0.7,0.0,delta-blend@k3_b07,91.88839721679688,7.96675443649292,2.8225439653782045,2.3146133422851562,219
fold3:c1->c6,fold3,c1,c6,3,1.0,0.0,delta-blend@k3_b10,91.88839721679688,3.4255752563476562,1.8508309637424094,1.7397925853729248,219
fold3:c1->c6,fold3,c1,c6,5,,0.0,delta-knn-only@k5,91.88839721679688,3.4866559505462646,1.8672589404113893,1.7556242942810059,219
fold3:c1->c6,fold3,c1,c6,5,0.3,0.0,delta-blend@k5_b03,91.88839721679688,30.035615921020508,5.480475884539636,4.4793243408203125,219
fold3:c1->c6,fold3,c1,c6,5,0.5,0.0,delta-blend@k5_b05,91.88839721679688,16.7584228515625,4.093705271702214,3.308361768722534,219
fold3:c1->c6,fold3,c1,c6,5,0.7,0.0,delta-blend@k5_b07,91.88839721679688,8.034650802612305,2.834545960575045,2.326150894165039,219
fold3:c1->c6,fold3,c1,c6,5,1.0,0.0,delta-blend@k5_b10,91.88839721679688,3.4866552352905273,1.8672587488857904,1.7556241750717163,219
fold3:c1->c6,fold3,c1,c6,7,,0.0,delta-knn-only@k7,91.88839721679688,3.5557074546813965,1.8856583610721738,1.7733721733093262,219
fold3:c1->c6,fold3,c1,c6,7,0.3,0.0,delta-blend@k7_b03,91.88839721679688,30.0695858001709,5.483574181149636,4.4791412353515625,219
fold3:c1->c6,fold3,c1,c6,7,0.5,0.0,delta-blend@k7_b05,91.88839721679688,16.808725357055664,4.099844552791686,3.3090100288391113,219
fold3:c1->c6,fold3,c1,c6,7,0.7,0.0,delta-blend@k7_b07,91.88839721679688,8.096236228942871,2.8453885901477274,2.3357975482940674,219
fold3:c1->c6,fold3,c1,c6,7,1.0,0.0,delta-blend@k7_b10,91.88839721679688,3.5557072162628174,1.8856582978532503,1.7733720541000366,219
fold3:c1->c6,fold3,c1,c6,10,,0.0,delta-knn-only@k10,91.88839721679688,3.6571404933929443,1.9123651569177222,1.7985364198684692,219
fold3:c1->c6,fold3,c1,c6,10,0.3,0.0,delta-blend@k10_b03,91.88839721679688,30.121320724487305,5.488289416975685,4.479011058807373,219
fold3:c1->c6,fold3,c1,c6,10,0.5,0.0,delta-blend@k10_b05,91.88839721679688,16.884807586669922,4.1091127493255675,3.3102965354919434,219
fold3:c1->c6,fold3,c1,c6,10,0.7,0.0,delta-blend@k10_b07,91.88839721679688,8.18855094909668,2.861564423369965,2.3500680923461914,219
fold3:c1->c6,fold3,c1,c6,10,1.0,0.0,delta-blend@k10_b10,91.88839721679688,3.6571404933929443,1.9123651569177222,1.7985364198684692,219
fold3:c1->c6,fold3,c1,c6,3,,0.5,delta-knn-only@k3,115.10365295410156,3.4275031089782715,1.8513516978084612,1.7406103610992432,219
fold3:c1->c6,fold3,c1,c6,3,0.3,0.5,delta-blend@k3_b03,115.10365295410156,29.993560791015625,5.476637726837117,4.479025840759277,219
fold3:c1->c6,fold3,c1,c6,3,0.5,0.5,delta-blend@k3_b05,115.10365295410156,16.69990348815918,4.086551539887779,3.3069570064544678,219
fold3:c1->c6,fold3,c1,c6,3,0.7,0.5,delta-blend@k3_b07,115.10365295410156,7.968930244445801,2.8229293729113736,2.315185785293579,219
fold3:c1->c6,fold3,c1,c6,3,1.0,0.5,delta-blend@k3_b10,115.10365295410156,3.4275028705596924,1.8513516334180529,1.7406100034713745,219
fold3:c1->c6,fold3,c1,c6,5,,0.5,delta-knn-only@k5,115.10365295410156,3.4894139766693115,1.8679973170937134,1.7566745281219482,219
fold3:c1->c6,fold3,c1,c6,5,0.3,0.5,delta-blend@k5_b03,115.10365295410156,30.037395477294922,5.480638236309246,4.479639053344727,219
fold3:c1->c6,fold3,c1,c6,5,0.5,0.5,delta-blend@k5_b05,115.10365295410156,16.760934829711914,4.0940120700496125,3.308887004852295,219
fold3:c1->c6,fold3,c1,c6,5,0.7,0.5,delta-blend@k5_b07,115.10365295410156,8.037531852722168,2.8350541181293467,2.326885938644409,219
fold3:c1->c6,fold3,c1,c6,5,1.0,0.5,delta-blend@k5_b10,115.10365295410156,3.489413261413574,1.8679971256438201,1.7566742897033691,219
fold3:c1->c6,fold3,c1,c6,7,,0.5,delta-knn-only@k7,115.10365295410156,3.5590291023254395,1.8865389214976296,1.77462637424469,219
fold3:c1->c6,fold3,c1,c6,7,0.3,0.5,delta-blend@k7_b03,115.10365295410156,30.07170295715332,5.483767223100678,4.479517459869385,219
fold3:c1->c6,fold3,c1,c6,7,0.5,0.5,delta-blend@k7_b05,115.10365295410156,16.811723709106445,4.100210203039162,3.3096373081207275,219
fold3:c1->c6,fold3,c1,c6,7,0.7,0.5,delta-blend@k7_b07,115.10365295410156,8.099684715270996,2.845994503731691,2.3366756439208984,219
fold3:c1->c6,fold3,c1,c6,7,1.0,0.5,delta-blend@k7_b10,115.10365295410156,3.5590288639068604,1.886538858308214,1.77462637424469,219
fold3:c1->c6,fold3,c1,c6,10,,0.5,delta-knn-only@k10,115.10365295410156,3.662560224533081,1.9137816553967386,1.8004119396209717,219
fold3:c1->c6,fold3,c1,c6,10,0.3,0.5,delta-blend@k10_b03,115.10365295410156,30.12443733215332,5.488573342149426,4.479573726654053,219
fold3:c1->c6,fold3,c1,c6,10,0.5,0.5,delta-blend@k10_b05,115.10365295410156,16.88928985595703,4.109658119108818,3.31123423576355,219
fold3:c1->c6,fold3,c1,c6,10,0.7,0.5,delta-blend@k10_b07,115.10365295410156,8.193835258483887,2.862487599708318,2.3513808250427246,219
fold3:c1->c6,fold3,c1,c6,10,1.0,0.5,delta-blend@k10_b10,115.10365295410156,3.662560224533081,1.9137816553967386,1.8004119396209717,219
fold3:c1->c6,fold3,c1,c6,3,,0.8,delta-knn-only@k3,137.7840576171875,4.027205944061279,2.0067899601256927,1.8885738849639893,219
fold3:c1->c6,fold3,c1,c6,3,0.3,0.8,delta-blend@k3_b03,137.7840576171875,30.364953994750977,5.510440453788696,4.529415607452393,219
fold3:c1->c6,fold3,c1,c6,3,0.5,0.8,delta-blend@k3_b05,137.7840576171875,17.22771453857422,4.150628210111599,3.3909411430358887,219
fold3:c1->c6,fold3,c1,c6,3,0.7,0.8,delta-blend@k3_b07,137.7840576171875,8.580208778381348,2.9291993408406585,2.4327633380889893,219
fold3:c1->c6,fold3,c1,c6,3,1.0,0.8,delta-blend@k3_b10,137.7840576171875,4.0272064208984375,2.006790078931635,1.8885737657546997,219
fold3:c1->c6,fold3,c1,c6,5,,0.8,delta-knn-only@k5,137.7840576171875,4.116903305053711,2.029015353577619,1.9107484817504883,219
fold3:c1->c6,fold3,c1,c6,5,0.3,0.8,delta-blend@k5_b03,137.7840576171875,30.428813934326172,5.516231860094912,4.5325422286987305,219
fold3:c1->c6,fold3,c1,c6,5,0.5,0.8,delta-blend@k5_b05,137.7840576171875,17.31654930114746,4.161315813675701,3.397059679031372,219
fold3:c1->c6,fold3,c1,c6,5,0.7,0.8,delta-blend@k5_b07,137.7840576171875,8.679945945739746,2.94617479891125,2.4503273963928223,219
fold3:c1->c6,fold3,c1,c6,5,1.0,0.8,delta-blend@k5_b10,137.7840576171875,4.116902828216553,2.0290152360730445,1.9107483625411987,219
fold3:c1->c6,fold3,c1,c6,7,,0.8,delta-knn-only@k7,137.7840576171875,4.216837406158447,2.0534939508453505,1.9352840185165405,219
fold3:c1->c6,fold3,c1,c6,7,0.3,0.8,delta-blend@k7_b03,137.7840576171875,30.48438262939453,5.521266397249324,4.5350799560546875,219
fold3:c1->c6,fold3,c1,c6,7,0.5,0.8,delta-blend@k7_b05,137.7840576171875,17.396976470947266,4.170968289372057,3.4022417068481445,219
fold3:c1->c6,fold3,c1,c6,7,0.7,0.8,delta-blend@k7_b07,137.7840576171875,8.775487899780273,2.962345000127479,2.466322898864746,219
fold3:c1->c6,fold3,c1,c6,7,1.0,0.8,delta-blend@k7_b10,137.7840576171875,4.216837406158447,2.0534939508453505,1.9352840185165405,219
fold3:c1->c6,fold3,c1,c6,10,,0.8,delta-knn-only@k10,137.7840576171875,4.359564304351807,2.087956968989497,1.9692955017089844,219
fold3:c1->c6,fold3,c1,c6,10,0.3,0.8,delta-blend@k10_b03,137.7840576171875,30.56955909729004,5.528974506840309,4.53904390335083,219
fold3:c1->c6,fold3,c1,c6,10,0.5,0.8,delta-blend@k10_b05,137.7840576171875,17.518768310546875,4.18554277370891,3.410350799560547,219
fold3:c1->c6,fold3,c1,c6,10,0.7,0.8,delta-blend@k10_b07,137.7840576171875,8.917755126953125,2.98626106141997,2.4901440143585205,219
fold3:c1->c6,fold3,c1,c6,10,1.0,0.8,delta-blend@k10_b10,137.7840576171875,4.359564304351807,2.087956968989497,1.9692955017089844,219
fold3:c6->c1,fold3,c6,c1,,,,head-only,,6.401833534240723,2.530184486206633,2.3084075450897217,219
fold3:c6->c1,fold3,c6,c1,3,,0.0,delta-knn-only@k3,111.19049835205078,4.2067179679870605,2.051028514669423,1.6887460947036743,219
fold3:c6->c1,fold3,c6,c1,3,0.3,0.0,delta-blend@k3_b03,111.19049835205078,5.003391265869141,2.2368261590631358,1.994378924369812,219
fold3:c6->c1,fold3,c6,c1,3,0.5,0.0,delta-blend@k3_b05,111.19049835205078,4.423433303833008,2.1031959737107258,1.8480947017669678,219
fold3:c6->c1,fold3,c6,c1,3,0.7,0.0,delta-blend@k3_b07,111.19049835205078,4.125344276428223,2.0310943543883484,1.7453722953796387,219
fold3:c6->c1,fold3,c6,c1,3,1.0,0.0,delta-blend@k3_b10,111.19049835205078,4.206718444824219,2.0510286309128447,1.6887460947036743,219
fold3:c6->c1,fold3,c6,c1,5,,0.0,delta-knn-only@k5,111.19049835205078,4.2122602462768555,2.052379167278029,1.685569167137146,219
fold3:c6->c1,fold3,c6,c1,5,0.3,0.0,delta-blend@k5_b03,111.19049835205078,5.010684013366699,2.238455720662506,1.9953136444091797,219
fold3:c6->c1,fold3,c6,c1,5,0.5,0.0,delta-blend@k5_b05,111.19049835205078,4.432908058166504,2.1054472347143975,1.8485673666000366,219
fold3:c6->c1,fold3,c6,c1,5,0.7,0.0,delta-blend@k5_b07,111.19049835205078,4.134856700897217,2.033434705343945,1.7456146478652954,219
fold3:c6->c1,fold3,c6,c1,5,1.0,0.0,delta-blend@k5_b10,111.19049835205078,4.212259769439697,2.0523790511110995,1.685569167137146,219
fold3:c6->c1,fold3,c6,c1,7,,0.0,delta-knn-only@k7,111.19049835205078,4.145031452178955,2.0359350314238798,1.6713621616363525,219
fold3:c6->c1,fold3,c6,c1,7,0.3,0.0,delta-blend@k7_b03,111.19049835205078,4.997518539428711,2.235513037186031,1.9940650463104248,219
fold3:c6->c1,fold3,c6,c1,7,0.5,0.0,delta-blend@k7_b05,111.19049835205078,4.407632827758789,2.09943631190822,1.845577597618103,219
fold3:c6->c1,fold3,c6,c1,7,0.7,0.0,delta-blend@k7_b07,111.19049835205078,4.094801425933838,2.0235615695930376,1.739020586013794,219
fold3:c6->c1,fold3,c6,c1,7,1.0,0.0,delta-blend@k7_b10,111.19049835205078,4.145031452178955,2.0359350314238798,1.6713621616363525,219
fold3:c6->c1,fold3,c6,c1,10,,0.0,delta-knn-only@k10,111.19049835205078,4.079195022583008,2.0197017162400512,1.6567100286483765,219
fold3:c6->c1,fold3,c6,c1,10,0.3,0.0,delta-blend@k10_b03,111.19049835205078,4.983292579650879,2.2323289586552604,1.9916926622390747,219
fold3:c6->c1,fold3,c6,c1,10,0.5,0.0,delta-blend@k10_b05,111.19049835205078,4.381288051605225,2.093152658456909,1.8411210775375366,219
fold3:c6->c1,fold3,c6,c1,10,0.7,0.0,delta-blend@k10_b07,111.19049835205078,4.054235458374023,2.0135132128630353,1.7312426567077637,219
fold3:c6->c1,fold3,c6,c1,10,1.0,0.0,delta-blend@k10_b10,111.19049835205078,4.079195022583008,2.0197017162400512,1.6567100286483765,219
fold3:c6->c1,fold3,c6,c1,3,,0.5,delta-knn-only@k3,130.439697265625,9.316861152648926,3.052353379385966,2.9322609901428223,219
fold3:c6->c1,fold3,c6,c1,3,0.3,0.5,delta-blend@k3_b03,130.439697265625,4.153924465179443,2.0381178732299667,1.6656866073608398,219
fold3:c6->c1,fold3,c6,c1,3,0.5,0.5,delta-blend@k3_b05,130.439697265625,4.142184734344482,2.0352357933036855,1.685929775238037,219
fold3:c6->c1,fold3,c6,c1,3,0.7,0.5,delta-blend@k3_b07,130.439697265625,5.319934368133545,2.306498291378848,2.1636383533477783,219
fold3:c6->c1,fold3,c6,c1,3,1.0,0.5,delta-blend@k3_b10,130.439697265625,9.316862106323242,3.0523535356054747,2.9322609901428223,219
fold3:c6->c1,fold3,c6,c1,5,,0.5,delta-knn-only@k5,130.439697265625,9.279492378234863,3.0462259237021247,2.9267477989196777,219
fold3:c6->c1,fold3,c6,c1,5,0.3,0.5,delta-blend@k5_b03,130.439697265625,4.162713050842285,2.0402727883403937,1.6673487424850464,219
fold3:c6->c1,fold3,c6,c1,5,0.5,0.5,delta-blend@k5_b05,130.439697265625,4.147307872772217,2.0364940149119555,1.6833899021148682,219
fold3:c6->c1,fold3,c6,c1,5,0.7,0.5,delta-blend@k5_b07,130.439697265625,5.31377649307251,2.305163007917772,2.1597976684570312,219
fold3:c6->c1,fold3,c6,c1,5,1.0,0.5,delta-blend@k5_b10,130.439697265625,9.279492378234863,3.0462259237021247,2.9267477989196777,219
fold3:c6->c1,fold3,c6,c1,7,,0.5,delta-knn-only@k7,130.439697265625,9.159933090209961,3.026538136255673,2.907437801361084,219
fold3:c6->c1,fold3,c6,c1,7,0.3,0.5,delta-blend@k7_b03,130.439697265625,4.1461567878723145,2.0362113809406712,1.6652073860168457,219
fold3:c6->c1,fold3,c6,c1,7,0.5,0.5,delta-blend@k7_b05,130.439697265625,4.110522270202637,2.027442297625912,1.6739825010299683,219
fold3:c6->c1,fold3,c6,c1,7,0.7,0.5,delta-blend@k7_b07,130.439697265625,5.249399662017822,2.291156839244713,2.1463024616241455,219
fold3:c6->c1,fold3,c6,c1,7,1.0,0.5,delta-blend@k7_b10,130.439697265625,9.159933090209961,3.026538136255673,2.907437801361084,219
fold3:c6->c1,fold3,c6,c1,10,,0.5,delta-knn-only@k10,130.439697265625,9.008025169372559,3.0013372301979926,2.883195400238037,219
fold3:c6->c1,fold3,c6,c1,10,0.3,0.5,delta-blend@k10_b03,130.439697265625,4.132690906524658,2.032902089753626,1.6640465259552002,219
fold3:c6->c1,fold3,c6,c1,10,0.5,0.5,delta-blend@k10_b05,130.439697265625,4.072786808013916,2.0181146667159218,1.6622893810272217,219
fold3:c6->c1,fold3,c6,c1,10,0.7,0.5,delta-blend@k10_b07,130.439697265625,5.175164699554443,2.274898832817504,2.129371404647827,219
fold3:c6->c1,fold3,c6,c1,10,1.0,0.5,delta-blend@k10_b10,130.439697265625,9.008025169372559,3.0013372301979926,2.883195400238037,219
fold3:c6->c1,fold3,c6,c1,3,,0.8,delta-knn-only@k3,176.38914489746094,9.272077560424805,3.0450086305993955,2.9018967151641846,219
fold3:c6->c1,fold3,c6,c1,3,0.3,0.8,delta-blend@k3_b03,176.38914489746094,3.652028799057007,1.9110282046733393,1.5840150117874146,219
fold3:c6->c1,fold3,c6,c1,3,0.5,0.8,delta-blend@k3_b05,176.38914489746094,3.5382914543151855,1.8810346765318244,1.6682816743850708,219
fold3:c6->c1,fold3,c6,c1,3,0.7,0.8,delta-blend@k3_b07,176.38914489746094,4.8001275062561035,2.190919329016042,2.142249345779419,219
fold3:c6->c1,fold3,c6,c1,3,1.0,0.8,delta-blend@k3_b10,176.38914489746094,9.272077560424805,3.0450086305993955,2.9018967151641846,219
fold3:c6->c1,fold3,c6,c1,5,,0.8,delta-knn-only@k5,176.38914489746094,9.64470100402832,3.1055918927039206,2.965264081954956,219
fold3:c6->c1,fold3,c6,c1,5,0.3,0.8,delta-blend@k5_b03,176.38914489746094,3.7005560398101807,1.923682936403549,1.5903326272964478,219
fold3:c6->c1,fold3,c6,c1,5,0.5,0.8,delta-blend@k5_b05,176.38914489746094,3.6492950916290283,1.9103128255940252,1.6991751194000244,219
fold3:c6->c1,fold3,c6,c1,5,0.7,0.8,delta-blend@k5_b07,176.38914489746094,4.997706890106201,2.23555516373589,2.186513900756836,219
fold3:c6->c1,fold3,c6,c1,5,1.0,0.8,delta-blend@k5_b10,176.38914489746094,9.644701957702637,3.105592046245391,2.965264081954956,219
fold3:c6->c1,fold3,c6,c1,7,,0.8,delta-knn-only@k7,176.38914489746094,9.902164459228516,3.146770480862644,3.008155584335327,219
fold3:c6->c1,fold3,c6,c1,7,0.3,0.8,delta-blend@k7_b03,176.38914489746094,3.7335355281829834,1.9322358883384252,1.5946128368377686,219
fold3:c6->c1,fold3,c6,c1,7,0.5,0.8,delta-blend@k7_b05,176.38914489746094,3.725337266921997,1.9301132782616663,1.7200764417648315,219
fold3:c6->c1,fold3,c6,c1,7,0.7,0.8,delta-blend@k7_b07,176.38914489746094,5.133667945861816,2.2657599047255244,2.21647310256958,219
fold3:c6->c1,fold3,c6,c1,7,1.0,0.8,delta-blend@k7_b10,176.38914489746094,9.902164459228516,3.146770480862644,3.008155345916748,219
fold3:c6->c1,fold3,c6,c1,10,,0.8,delta-knn-only@k10,176.38914489746094,10.429794311523438,3.229519207486377,3.093095541000366,219
fold3:c6->c1,fold3,c6,c1,10,0.3,0.8,delta-blend@k10_b03,176.38914489746094,3.796041488647461,1.9483432676629293,1.6026073694229126,219
fold3:c6->c1,fold3,c6,c1,10,0.5,0.8,delta-blend@k10_b05,176.38914489746094,3.8751232624053955,1.9685332769362562,1.7614290714263916,219
fold3:c6->c1,fold3,c6,c1,10,0.7,0.8,delta-blend@k10_b07,176.38914489746094,5.407223224639893,2.325343678822529,2.2757980823516846,219
fold3:c6->c1,fold3,c6,c1,10,1.0,0.8,delta-blend@k10_b10,176.38914489746094,10.429794311523438,3.229519207486377,3.093095541000366,219
